label,short_label,x,y,min_psnr,n,sort_key
th=0.1,0.1,1.1366563413950412,42.483244444444445,34.33,15,0.1
th=0.2,0.2,1.607490477287502,30.821318518518524,16.88,15,0.2
th=0.4,0.4,2.467518182539312,23.79394074074074,15.93,15,0.4
th=0.6,0.6,3.177431987926465,20.63442962962963,15.04,15,0.6
