method,label,short_label,x,y,min_psnr,n,sort_key,threshold_mean
fixed_seacache,th=0.1,0.1,1.1366563413950412,42.483244444444445,34.33,15,0.1,
fixed_seacache,th=0.2,0.2,1.607490477287502,30.821318518518524,16.88,15,0.2,
fixed_seacache,th=0.4,0.4,2.467518182539312,23.79394074074074,15.93,15,0.4,
fixed_seacache,th=0.6,0.6,3.177431987926465,20.63442962962963,15.04,15,0.6,
adaptive_seacache,target=20,T20,3.159365967647898,20.48118518518519,,15,20.0,0.5945833333333334
adaptive_seacache,target=25,T25,2.387097237159975,23.136711111111108,,15,25.0,0.4040143229166667
adaptive_seacache,target=30,T30,1.8395174973022126,27.476622222222222,,15,30.0,0.2623821614583334
