label,short_label,x,y,threshold_mean,n,sort_key
target=20,T20,3.159365967647898,20.48118518518519,0.5945833333333334,15,20.0
target=25,T25,2.387097237159975,23.136711111111108,0.4040143229166667,15,25.0
target=30,T30,1.8395174973022126,27.476622222222222,0.2623821614583334,15,30.0
