label,short_label,x,y,min_psnr,n,sort_key
th=0.1,0.1,1.1381709234551,42.860722222222215,34.33,20,0.1
th=0.2,0.2,1.6070317346360103,30.547500000000003,16.88,20,0.2
th=0.4,0.4,2.466528718445593,23.935755555555552,15.93,20,0.4
th=0.6,0.6,3.176346008774789,21.229288888888888,15.04,20,0.6
