label,short_label,x,y,threshold_mean,n,sort_key
target=20,T20,3.1684050696682893,21.107977777777784,0.598865234375,20,20.0
target=25,T25,2.4322955192834037,23.40728888888889,0.4155849609375,20,25.0
target=30,T30,1.8639663936343844,27.221022222222224,0.2660297851562501,20,30.0
